Survived,Sex_female,Sex_male,Age_Child,Age_Adult,Age_Elderly,Embarked_C,Embarked_Q,Embarked_S,Pclass_1,Pclass_2,Pclass_3
0,False,True,False,True,False,False,False,True,False,False,True
1,True,False,False,True,False,True,False,False,True,False,False
1,True,False,False,True,False,False,False,True,False,False,True
1,True,False,False,True,False,False,False,True,True,False,False
0,False,True,False,True,False,False,False,True,False,False,True
0,False,True,False,False,False,False,True,False,False,False,True
0,False,True,False,True,False,False,False,True,True,False,False
0,False,True,True,False,False,False,False,True,False,False,True
1,True,False,False,True,False,False,False,True,False,False,True
1,True,False,True,False,False,True,False,False,False,True,False
1,True,False,True,False,False,False,False,True,False,False,True
1,True,False,False,False,True,False,False,True,True,False,False
0,False,True,True,False,False,False,False,True,False,False,True
0,False,True,False,True,False,False,False,True,False,False,True
0,True,False,True,False,False,False,False,True,False,False,True
1,True,False,False,True,False,False,False,True,False,True,False
0,False,True,True,False,False,False,True,False,False,False,True
1,False,True,False,False,False,False,False,True,False,True,False
0,True,False,False,True,False,False,False,True,False,False,True
1,True,False,False,False,False,True,False,False,False,False,True
0,False,True,False,True,False,False,False,True,False,True,False
1,False,True,False,True,False,False,False,True,False,True,False
1,True,False,True,False,False,False,True,False,False,False,True
1,False,True,False,True,False,False,False,True,True,False,False
0,True,False,True,False,False,False,False,True,False,False,True
1,True,False,False,True,False,False,False,True,False,False,True
0,False,True,False,False,False,True,False,False,False,False,True
0,False,True,True,False,False,False,False,True,True,False,False
1,True,False,False,False,False,False,True,False,False,False,True
0,False,True,False,False,False,False,False,True,False,False,True
0,False,True,False,True,False,True,False,False,True,False,False
1,True,False,False,False,False,True,False,False,True,False,False
1,True,False,False,False,False,False,True,False,False,False,True
0,False,True,False,False,True,False,False,True,False,True,False
0,False,True,False,True,False,True,False,False,True,False,False
0,False,True,False,True,False,False,False,True,True,False,False
1,False,True,False,False,False,True,False,False,False,False,True
0,False,True,True,False,False,False,False,True,False,False,True
0,True,False,True,False,False,False,False,True,False,False,True
1,True,False,True,False,False,True,False,False,False,False,True
0,True,False,False,True,False,False,False,True,False,False,True
0,True,False,False,True,False,False,False,True,False,True,False
0,False,True,False,False,False,True,False,False,False,False,True
1,True,False,True,False,False,True,False,False,False,True,False
1,True,False,True,False,False,False,True,False,False,False,True
0,False,True,False,False,False,False,False,True,False,False,True
0,False,True,False,False,False,False,True,False,False,False,True
1,True,False,False,False,False,False,True,False,False,False,True
0,False,True,False,False,False,True,False,False,False,False,True
0,True,False,True,False,False,False,False,True,False,False,True
0,False,True,True,False,False,False,False,True,False,False,True
0,False,True,True,False,False,False,False,True,False,False,True
1,True,False,False,True,False,True,False,False,True,False,False
1,True,False,False,True,False,False,False,True,False,True,False
0,False,True,False,False,True,True,False,False,True,False,False
1,False,True,False,False,False,False,False,True,True,False,False
1,True,False,True,False,False,False,False,True,False,True,False
0,False,True,False,True,False,True,False,False,False,False,True
1,True,False,True,False,False,False,False,True,False,True,False
0,False,True,True,False,False,False,False,True,False,False,True
0,False,True,False,True,False,True,False,False,False,False,True
1,True,False,False,True,False,False,False,False,True,False,False
0,False,True,False,True,False,False,False,True,True,False,False
0,False,True,True,False,False,False,False,True,False,False,True
0,False,True,False,False,False,True,False,False,True,False,False
1,False,True,False,False,False,True,False,False,False,False,True
1,True,False,False,True,False,False,False,True,False,True,False
0,False,True,True,False,False,False,False,True,False,False,True
1,True,False,True,False,False,False,False,True,False,False,True
0,False,True,False,True,False,False,False,True,False,False,True
0,False,True,False,True,False,False,False,True,False,True,False
0,True,False,True,False,False,False,False,True,False,False,True
0,False,True,True,False,False,False,False,True,False,True,False
0,False,True,False,True,False,True,False,False,False,False,True
1,False,True,False,True,False,False,False,True,False,False,True
0,False,True,False,True,False,False,False,True,False,False,True
0,False,True,False,False,False,False,False,True,False,False,True
0,False,True,False,False,False,False,False,True,False,False,True
1,False,True,True,False,False,False,False,True,False,True,False
1,True,False,False,True,False,False,False,True,False,False,True
0,False,True,False,True,False,False,False,True,False,False,True
1,False,True,False,True,False,False,False,True,False,False,True
1,True,False,False,False,False,False,True,False,False,False,True
0,False,True,False,True,False,False,False,True,True,False,False
1,True,False,True,False,False,False,False,True,False,True,False
1,True,False,False,True,False,False,False,True,False,False,True
0,False,True,True,False,False,False,False,True,False,False,True
0,False,True,False,False,False,False,False,True,False,False,True
1,True,False,False,True,False,False,False,True,True,False,False
0,False,True,False,True,False,False,False,True,False,False,True
0,False,True,False,True,False,False,False,True,False,False,True
0,False,True,True,False,False,False,False,True,False,False,True
0,False,True,False,True,False,False,False,True,True,False,False
0,False,True,False,True,False,False,False,True,False,False,True
0,False,True,False,False,True,False,False,True,False,False,True
0,False,True,False,False,False,False,False,True,False,False,True
0,False,True,False,False,True,True,False,False,True,False,False
1,False,True,False,True,False,True,False,False,True,False,False
1,True,False,False,True,False,False,False,True,False,True,False
0,False,True,False,True,False,False,False,True,False,True,False
0,True,False,False,True,False,False,False,True,False,False,True
0,False,True,False,False,False,False,False,True,False,False,True
0,False,True,True,False,False,False,False,True,True,False,False
0,False,True,False,True,False,False,False,True,False,False,True
0,False,True,False,True,False,False,False,True,False,False,True
0,False,True,False,True,False,False,False,True,False,False,True
1,True,False,True,False,False,False,False,True,False,False,True
1,False,True,False,False,False,False,False,True,False,False,True
0,False,True,False,True,False,False,False,True,False,False,True
1,True,False,False,False,False,False,True,False,False,False,True
0,False,True,False,True,False,False,False,True,True,False,False
0,True,False,True,False,False,True,False,False,False,False,True
0,False,True,False,True,False,False,False,True,False,False,True
0,True,False,True,False,False,False,False,True,False,False,True
0,True,False,True,False,False,True,False,False,False,False,True
0,False,True,True,False,False,False,False,True,False,False,True
0,False,True,False,False,True,False,True,False,False,False,True
0,False,True,False,True,False,False,False,True,False,True,False
0,False,True,False,True,False,True,False,False,True,False,False
0,True,False,True,False,False,False,False,True,False,False,True
0,False,True,True,False,False,False,False,True,False,True,False
0,False,True,False,False,False,False,False,True,False,False,True
0,False,True,False,True,False,True,False,False,False,True,False
1,True,False,False,True,False,False,False,True,False,True,False
0,False,True,False,True,False,False,False,True,True,False,False
1,False,True,True,False,False,True,False,False,False,False,True
0,False,True,False,False,False,False,True,False,False,False,True
1,False,True,False,True,False,False,False,True,False,False,True
1,True,False,False,False,False,True,False,False,False,False,True
0,False,True,False,True,False,False,False,True,False,False,True
0,False,True,False,True,False,True,False,False,False,False,True
0,False,True,True,False,False,False,False,True,False,False,True
0,True,False,False,True,False,False,False,True,False,False,True
1,True,False,False,True,False,False,False,True,False,True,False
0,False,True,False,True,False,False,False,True,False,True,False
0,False,True,False,True,False,True,False,False,False,True,False
1,True,False,True,False,False,False,False,True,True,False,False
0,False,True,False,True,False,False,False,True,True,False,False
0,False,True,True,False,False,False,False,True,False,False,True
0,False,True,False,True,False,True,False,False,True,False,False
0,True,False,False,False,False,True,False,False,False,False,True
1,True,False,False,True,False,False,False,True,False,False,True
1,True,False,False,True,False,False,False,True,False,False,True
0,False,True,True,False,False,False,True,False,False,False,True
0,False,True,True,False,False,False,False,True,False,True,False
0,False,True,True,False,False,False,False,True,False,True,False
1,False,True,False,True,False,False,False,True,False,False,True
0,True,False,True,False,False,False,False,True,False,False,True
0,False,True,False,True,False,False,False,True,False,True,False
0,False,True,False,True,False,False,False,True,False,True,False
0,False,True,False,True,False,False,False,True,False,True,False
1,True,False,False,True,False,False,False,True,True,False,False
0,False,True,False,False,True,False,False,True,False,False,True
0,False,True,False,True,False,False,False,True,False,False,True
0,False,True,False,False,False,False,False,True,False,False,True
0,False,True,False,True,False,True,False,False,True,False,False
1,True,False,True,False,False,False,True,False,False,False,True
0,False,True,False,True,False,False,False,True,False,False,True
0,False,True,False,False,False,False,False,True,False,False,True
0,False,True,False,False,False,False,False,True,False,False,True
0,False,True,False,True,False,False,False,True,False,False,True
1,True,False,False,True,False,False,False,True,False,True,False
0,False,True,False,True,False,False,False,True,False,False,True
0,False,True,True,False,False,False,False,True,False,False,True
0,False,True,True,False,False,False,False,True,False,False,True
1,False,True,True,False,False,False,False,True,False,False,True
1,True,False,False,False,False,False,False,True,True,False,False
0,True,False,False,True,False,False,False,True,False,False,True
0,False,True,False,False,False,False,False,True,True,False,False
0,False,True,False,True,False,False,False,True,False,False,True
0,False,True,False,False,True,False,False,True,True,False,False
0,False,True,True,False,False,False,True,False,False,False,True
1,True,False,True,False,False,False,False,True,False,False,True
0,False,True,True,False,False,False,False,True,False,False,True
0,False,True,False,False,True,True,False,False,True,False,False
0,False,True,True,False,False,False,False,True,False,False,True
0,False,True,False,False,False,False,False,True,False,False,True
0,True,False,False,True,False,True,False,False,True,False,False
0,False,True,False,True,False,False,False,True,False,True,False
0,False,True,False,True,False,False,False,True,False,False,True
0,True,False,False,False,False,False,False,True,False,False,True
0,False,True,False,False,False,True,False,False,False,True,False
0,False,True,True,False,False,False,False,True,False,False,True
1,False,True,True,False,False,False,False,True,False,True,False
1,True,False,True,False,False,False,False,True,False,False,True
0,False,True,False,False,False,False,False,True,True,False,False
1,True,False,False,False,False,False,True,False,False,False,True
1,False,True,False,True,False,False,False,True,True,False,False
0,False,True,False,True,False,False,True,False,False,False,True
0,False,True,False,True,False,False,False,True,False,False,True
1,True,False,False,True,False,False,False,True,False,True,False
0,False,True,True,False,False,False,False,True,False,True,False
1,True,False,True,False,False,False,False,True,False,False,True
1,False,True,True,False,False,False,False,True,False,True,False
1,True,False,False,True,False,True,False,False,True,False,False
1,True,False,False,False,True,True,False,False,True,False,False
0,False,True,False,False,False,False,True,False,False,False,True
0,False,True,False,True,False,False,False,True,False,False,True
1,True,False,False,False,False,False,True,False,False,False,True
0,True,False,False,True,False,False,False,True,False,True,False
0,False,True,False,True,False,False,False,True,False,False,True
0,False,True,False,False,False,False,False,True,False,False,True
0,False,True,False,True,False,False,False,True,False,False,True
0,False,True,False,True,False,True,False,False,False,False,True
1,False,True,True,False,False,False,False,True,False,False,True
0,True,False,True,False,False,False,False,True,False,False,True
0,False,True,False,True,False,False,False,True,False,False,True
1,False,True,False,True,False,True,False,False,False,False,True
1,True,False,True,False,False,False,True,False,False,False,True
1,False,True,False,True,False,True,False,False,True,False,False
0,False,True,False,True,False,False,False,True,False,False,True
1,True,False,False,True,False,False,False,True,False,True,False
0,False,True,False,True,False,False,False,True,False,False,True
0,False,True,False,True,False,False,False,True,False,True,False
0,False,True,False,False,False,False,True,False,False,False,True
1,True,False,False,True,False,True,False,False,True,False,False
1,True,False,False,True,False,False,False,True,False,False,True
0,False,True,False,True,False,False,False,True,False,True,False
1,True,False,False,True,False,True,False,False,True,False,False
0,False,True,False,True,False,False,False,True,False,True,False
1,False,True,True,False,False,False,False,True,False,False,True
0,False,True,False,True,False,False,False,True,False,True,False
0,False,True,False,True,False,False,False,True,False,False,True
0,False,True,False,False,False,False,False,True,False,False,True
1,False,True,False,True,False,False,False,True,True,False,False
0,False,True,False,True,False,False,False,True,False,False,True
1,False,True,True,False,False,False,False,True,False,True,False
0,False,True,True,False,False,False,False,True,False,False,True
0,False,True,True,False,False,False,False,True,False,True,False
0,True,False,False,False,False,False,False,True,False,False,True
1,True,False,False,True,False,False,False,True,True,False,False
0,False,True,False,True,False,False,False,True,False,False,True
0,False,True,False,False,True,False,False,True,False,True,False
1,True,False,True,False,False,False,False,True,False,False,True
0,False,True,False,True,False,False,False,True,False,True,False
0,True,False,False,False,False,False,False,True,False,False,True
0,False,True,False,True,False,False,False,True,False,True,False
1,True,False,True,False,False,False,False,True,False,True,False
0,False,True,True,False,False,False,False,True,False,True,False
0,False,True,False,True,False,False,False,True,False,True,False
0,True,False,False,False,False,True,False,False,False,False,True
1,True,False,False,False,False,False,True,False,False,False,True
0,False,True,False,True,False,False,False,True,False,True,False
0,False,True,False,True,False,False,False,True,False,False,True
0,False,True,False,True,False,True,False,False,False,False,True
0,False,True,False,True,False,False,True,False,True,False,False
0,True,False,False,True,False,False,False,True,False,False,True
1,True,False,False,True,False,False,False,True,False,True,False
1,False,True,False,True,False,False,False,True,True,False,False
0,False,True,False,True,False,False,False,True,False,True,False
0,False,True,False,False,False,False,False,True,False,False,True
0,True,False,False,True,False,False,False,True,False,False,True
0,False,True,False,False,True,False,False,True,True,False,False
0,False,True,False,True,False,False,False,True,False,False,True
0,True,False,False,True,False,False,False,True,False,False,True
1,True,False,False,True,False,True,False,False,False,False,True
1,True,False,False,False,False,True,False,False,True,False,False
1,True,False,False,True,False,False,False,True,True,False,False
1,True,False,False,True,False,True,False,False,True,False,False
1,True,False,False,True,False,False,False,True,False,True,False
0,False,True,False,False,False,False,True,False,False,False,True
1,False,True,True,False,False,False,False,True,False,False,True
0,False,True,False,True,False,False,False,True,True,False,False
0,False,True,False,True,False,False,False,True,True,False,False
0,True,False,False,False,False,False,True,False,False,False,True
0,False,True,False,True,False,False,False,True,False,True,False
0,False,True,True,False,False,False,False,True,False,False,True
1,False,True,False,True,False,False,False,True,False,False,True
1,True,False,False,False,True,False,False,True,True,False,False
1,True,False,False,True,False,False,False,True,True,False,False
0,False,True,False,False,False,False,False,True,True,False,False
1,False,True,False,True,False,False,False,True,False,False,True
1,True,False,False,True,False,False,False,True,False,True,False
0,False,True,False,True,False,True,False,False,True,False,False
1,True,False,False,False,False,False,True,False,False,False,True
1,True,False,False,False,True,False,False,True,True,False,False
0,True,False,False,True,False,False,False,True,False,False,True
0,False,True,False,False,False,False,False,True,False,True,False
0,False,True,True,False,False,False,True,False,False,False,True
1,True,False,False,True,False,False,False,True,False,False,True
0,False,True,False,False,True,False,True,False,False,False,True
0,False,True,False,True,False,False,False,True,False,False,True
0,False,True,True,False,False,False,False,True,False,False,True
1,False,True,True,False,False,False,False,True,False,False,True
0,False,True,False,False,False,False,False,True,True,False,False
0,False,True,False,True,False,True,False,False,False,False,True
1,False,True,False,True,False,False,False,True,False,False,True
0,False,True,False,True,False,False,False,True,False,False,True
1,False,True,False,True,False,False,False,True,False,True,False
1,True,False,False,True,False,False,True,False,False,False,True
1,True,False,False,True,False,False,False,True,True,False,False
1,True,False,True,False,False,True,False,False,True,False,False
0,False,True,False,True,False,True,False,False,False,True,False
0,True,False,False,True,False,False,False,True,False,False,True
0,False,True,False,True,False,False,False,True,False,False,True
0,False,True,False,False,False,True,False,False,True,False,False
0,False,True,False,True,False,True,False,False,False,False,True
0,True,False,True,False,False,False,False,True,True,False,False
1,False,True,False,False,False,False,False,True,True,False,False
1,True,False,False,True,False,True,False,False,True,False,False
1,True,False,False,False,False,False,True,False,False,False,True
1,False,True,False,False,False,False,True,False,False,False,True
0,False,True,True,False,False,False,False,True,False,False,True
1,True,False,False,False,False,False,True,False,False,True,False
0,False,True,False,False,False,False,False,True,False,False,True
1,False,True,True,False,False,False,False,True,True,False,False
1,True,False,False,False,False,True,False,False,True,False,False
1,True,False,True,False,False,True,False,False,True,False,False
0,False,True,False,True,False,True,False,False,False,True,False
1,True,False,False,True,False,True,False,False,True,False,False
1,True,False,False,True,False,True,False,False,True,False,False
1,True,False,True,False,False,True,False,False,True,False,False
0,True,False,False,True,False,False,False,True,False,True,False
0,False,True,False,True,False,False,False,True,False,False,True
0,False,True,False,True,False,False,False,True,False,True,False
1,True,False,False,True,False,False,False,True,False,False,True
1,True,False,False,True,False,False,False,True,False,True,False
0,False,True,False,True,False,False,False,True,False,True,False
1,True,False,False,True,False,False,False,True,True,False,False
1,True,False,False,True,False,True,False,False,True,False,False
0,False,True,False,True,False,False,False,True,False,False,True
0,False,True,False,True,False,False,False,True,False,False,True
1,True,False,False,True,False,False,True,False,False,True,False
1,True,False,False,True,False,False,False,True,False,True,False
0,False,True,False,False,False,False,False,True,False,False,True
1,True,False,False,True,False,True,False,False,True,False,False
0,False,True,False,False,True,False,False,True,False,False,True
1,True,False,False,True,False,False,False,True,False,True,False
1,True,False,False,True,False,False,False,True,False,False,True
1,True,False,True,False,False,True,False,False,True,False,False
1,True,False,False,False,False,False,True,False,False,False,True
0,False,True,False,True,False,False,False,True,True,False,False
0,False,True,False,True,False,False,False,True,True,False,False
0,False,True,True,False,False,False,False,True,False,False,True
1,True,False,False,False,False,False,False,True,True,False,False
0,False,True,False,False,False,False,False,True,False,False,True
0,False,True,False,True,False,False,False,True,True,False,False
1,True,False,False,True,False,True,False,False,True,False,False
1,False,True,False,True,False,False,False,True,False,False,True
0,False,True,False,True,False,False,False,True,True,False,False
1,False,True,True,False,False,False,False,True,False,True,False
1,True,False,False,True,False,False,False,True,True,False,False
0,False,True,False,True,False,False,False,True,False,True,False
0,False,True,False,True,False,False,False,True,False,True,False
0,False,True,False,True,False,False,False,True,False,True,False
1,True,False,False,True,False,False,False,True,False,True,False
1,True,False,False,True,False,False,False,True,False,True,False
1,True,False,False,False,False,False,False,True,False,False,True
1,False,True,True,False,False,False,False,True,False,False,True
0,False,True,False,True,False,False,False,True,False,False,True
0,False,True,False,True,False,False,False,True,False,False,True
0,False,True,False,False,False,False,False,True,True,False,False
0,False,True,True,False,False,True,False,False,False,False,True
0,False,True,False,True,False,False,False,True,False,False,True
0,False,True,False,False,False,True,False,False,False,False,True
0,False,True,False,True,False,False,False,True,False,False,True
1,True,False,False,True,False,False,False,True,True,False,False
0,True,False,False,True,False,False,False,True,False,True,False
1,True,False,False,False,False,False,True,False,False,False,True
1,True,False,False,False,False,False,True,False,False,False,True
0,False,True,False,True,False,False,False,True,False,False,True
0,False,True,False,True,False,True,False,False,False,True,False
0,True,False,False,True,False,True,False,False,False,False,True
0,False,True,False,True,False,False,False,True,False,False,True
0,False,True,False,False,False,False,True,False,False,False,True
0,False,True,False,True,False,False,False,True,False,False,True
1,True,False,False,False,True,True,False,False,True,False,False
1,True,False,False,False,False,True,False,False,False,False,True
1,True,False,False,False,False,False,True,False,False,False,True
1,True,False,False,True,False,True,False,False,True,False,False
1,False,True,False,True,False,True,False,False,True,False,False
0,False,True,True,False,False,False,False,True,False,False,True
0,False,True,True,False,False,False,False,True,False,False,True
0,False,True,False,True,False,True,False,False,True,False,False
0,True,False,True,False,False,False,False,True,False,False,True
1,True,False,False,False,False,True,False,False,True,False,False
1,True,False,False,True,False,False,False,True,False,False,True
0,False,True,False,True,False,True,False,False,True,False,False
0,False,True,True,False,False,True,False,False,False,False,True
0,False,True,True,False,False,False,False,True,False,False,True
1,True,False,False,True,False,True,False,False,True,False,False
1,True,False,True,False,False,True,False,False,False,False,True
0,False,True,False,True,False,False,False,True,False,False,True
1,True,False,False,True,False,False,False,True,True,False,False
0,False,True,False,False,False,False,False,True,False,False,True
0,False,True,True,False,False,False,False,True,False,True,False
0,False,True,True,False,False,False,False,True,False,False,True
1,True,False,False,True,False,False,False,True,False,True,False
0,False,True,False,False,False,False,True,False,False,False,True
1,True,False,True,False,False,True,False,False,False,True,False
1,False,True,False,True,False,False,False,True,True,False,False
1,False,True,True,False,False,False,False,True,False,False,True
0,False,True,False,True,False,False,False,True,False,False,True
1,True,False,False,True,False,True,False,False,True,False,False
1,True,False,False,True,False,False,False,True,False,False,True
0,False,True,False,True,False,False,False,True,False,False,True
0,True,False,False,True,False,False,False,True,False,False,True
0,False,True,False,True,False,False,False,True,False,True,False
0,False,True,False,True,False,False,False,True,False,True,False
1,True,False,False,True,False,False,False,True,False,True,False
1,False,True,False,True,False,False,False,True,False,False,True
0,False,True,False,True,False,False,False,True,False,False,True
0,True,False,True,False,False,False,False,True,False,False,True
0,False,True,False,True,False,False,False,True,False,False,True
0,True,False,True,False,False,False,False,True,False,False,True
0,False,True,False,True,False,False,False,True,False,True,False
0,False,True,False,True,False,False,False,True,False,False,True
1,False,True,True,False,False,False,False,True,False,True,False
0,False,True,True,False,False,False,False,True,False,False,True
0,True,False,False,False,False,False,False,True,False,False,True
0,False,True,False,False,False,False,False,True,False,False,True
0,False,True,False,False,False,False,True,False,False,False,True
1,True,False,False,True,False,False,True,False,True,False,False
0,False,True,False,False,False,False,False,True,False,True,False
1,False,True,False,True,False,False,False,True,False,False,True
0,True,False,False,False,False,False,False,True,False,False,True
1,True,False,False,True,False,False,False,True,False,True,False
1,True,False,True,False,False,False,False,True,False,True,False
0,False,True,False,True,False,False,False,True,False,True,False
0,True,False,True,False,False,False,False,True,False,False,True
0,False,True,False,False,False,True,False,False,False,False,True
0,False,True,True,False,False,False,True,False,False,False,True
0,False,True,False,True,False,False,False,True,False,False,True
0,True,False,False,True,False,False,False,True,False,False,True
0,False,True,True,False,False,False,False,True,False,False,True
0,False,True,False,False,False,False,False,True,False,False,True
1,True,False,False,True,False,False,False,True,False,True,False
1,True,False,True,False,False,False,False,True,False,True,False
0,False,True,False,False,False,False,True,False,False,False,True
1,False,True,False,True,False,False,False,True,False,False,True
1,False,True,False,True,False,False,False,True,True,False,False
1,True,False,False,False,False,False,False,True,False,False,True
1,True,False,False,True,False,False,False,True,False,True,False
0,False,True,True,False,False,False,False,True,False,False,True
0,False,True,False,True,False,False,False,True,True,False,False
1,True,False,True,False,False,False,False,True,True,False,False
0,True,False,True,False,False,False,False,True,False,False,True
1,True,False,False,True,False,False,False,True,False,True,False
0,False,True,False,False,True,False,False,True,True,False,False
0,False,True,False,True,False,False,False,True,False,True,False
1,True,False,False,True,False,False,False,True,False,True,False
0,False,True,True,False,False,False,False,True,False,False,True
0,False,True,False,True,False,False,False,True,False,False,True
1,True,False,False,True,False,False,False,True,False,True,False
1,False,True,False,False,False,False,False,True,False,False,True
1,False,True,True,False,False,False,False,True,True,False,False
1,True,False,True,False,False,False,False,True,False,True,False
1,False,True,False,True,False,False,False,True,True,False,False
1,True,False,True,False,False,True,False,False,False,False,True
1,False,True,False,True,False,False,False,True,True,False,False
0,False,True,False,True,False,False,False,True,False,True,False
0,False,True,False,False,False,False,False,True,False,False,True
0,False,True,False,True,False,True,False,False,True,False,False
1,False,True,False,True,False,True,False,False,True,False,False
0,False,True,False,False,False,False,False,True,False,False,True
1,False,True,False,True,False,True,False,False,False,False,True
0,False,True,False,False,True,False,False,True,True,False,False
1,True,False,False,False,False,False,False,True,True,False,False
1,True,False,False,True,False,False,False,True,False,True,False
0,False,True,False,False,False,False,True,False,False,False,True
1,False,True,False,True,False,False,False,True,True,False,False
0,False,True,False,True,False,False,False,True,False,False,True
0,False,True,False,True,False,False,False,True,True,False,False
0,False,True,False,True,False,False,False,True,False,True,False
0,False,True,False,False,False,False,False,True,False,False,True
0,False,True,False,True,False,False,False,True,False,False,True
0,False,True,False,False,False,False,False,True,False,True,False
0,False,True,False,False,True,False,False,True,True,False,False
0,False,True,False,False,False,False,True,False,False,False,True
1,True,False,True,False,False,True,False,False,False,False,True
0,False,True,False,False,False,False,False,True,False,False,True
0,False,True,False,True,False,False,False,True,False,False,True
1,True,False,False,True,False,False,False,True,False,True,False
1,True,False,False,True,False,True,False,False,False,True,False
0,True,False,False,True,False,False,False,True,False,False,True
0,False,True,False,False,False,False,False,True,True,False,False
0,False,True,False,True,False,False,False,True,False,True,False
0,False,True,False,True,False,False,False,True,False,False,True
0,False,True,False,True,False,False,False,True,False,False,True
1,True,False,True,False,False,False,False,True,False,False,True
0,False,True,True,False,False,False,False,True,False,False,True
0,False,True,False,False,False,False,False,True,False,True,False
0,False,True,False,True,False,False,False,True,False,False,True
1,True,False,False,False,True,False,False,True,False,False,True
1,False,True,False,True,False,True,False,False,True,False,False
0,True,False,False,False,False,False,False,True,False,False,True
1,True,False,False,True,False,False,False,True,True,False,False
0,False,True,False,False,True,True,False,False,True,False,False
0,False,True,False,True,False,False,False,True,False,False,True
1,False,True,True,False,False,False,False,True,False,False,True
0,False,True,False,False,False,False,False,True,False,False,True
0,False,True,True,False,False,False,False,True,False,False,True
0,False,True,False,True,False,False,False,True,True,False,False
0,False,True,False,False,True,True,False,False,True,False,False
0,False,True,True,False,False,False,False,True,False,False,True
0,False,True,False,False,False,True,False,False,False,False,True
1,True,False,False,True,False,True,False,False,True,False,False
0,False,True,False,False,False,False,False,True,False,False,True
0,True,False,False,True,False,False,False,True,True,False,False
0,False,True,False,True,False,False,False,True,False,False,True
0,False,True,True,False,False,False,False,True,False,False,True
0,True,False,True,False,False,False,True,False,False,False,True
0,True,False,False,False,False,False,True,False,False,False,True
0,True,False,False,True,False,False,False,True,False,False,True
1,True,False,True,False,False,False,False,True,True,False,False
0,False,True,True,False,False,True,False,False,True,False,False
1,True,False,False,True,False,False,False,True,False,True,False
1,False,True,False,False,False,False,False,True,True,False,False
0,False,True,False,True,False,False,False,True,False,False,True
1,False,True,False,True,False,False,False,True,False,False,True
1,False,True,False,True,False,False,True,False,False,False,True
0,False,True,False,False,False,False,False,True,False,False,True
1,False,True,False,True,False,False,False,True,True,False,False
1,True,False,False,True,False,True,False,False,True,False,False
0,False,True,False,True,False,False,False,True,False,False,True
0,False,True,False,True,False,False,False,True,True,False,False
1,True,False,False,True,False,False,False,True,False,True,False
0,False,True,False,False,False,False,True,False,False,False,True
1,True,False,False,True,False,False,False,True,False,True,False
0,False,True,False,True,False,False,False,True,False,False,True
1,True,False,False,True,False,False,False,True,True,False,False
0,False,True,False,True,False,False,False,True,False,False,True
0,False,True,False,False,False,True,False,False,False,False,True
1,True,False,False,True,False,True,False,False,True,False,False
0,False,True,False,False,False,True,False,False,False,False,True
0,False,True,False,True,False,False,True,False,False,False,True
1,True,False,False,True,False,False,False,True,False,True,False
0,False,True,False,False,False,False,False,True,True,False,False
0,False,True,False,True,False,False,False,True,False,False,True
0,False,True,False,True,False,False,False,True,False,True,False
1,True,False,True,False,False,False,False,True,False,True,False
0,False,True,False,False,False,True,False,False,False,False,True
0,False,True,True,False,False,True,False,False,False,False,True
1,True,False,False,False,False,True,False,False,False,False,True
0,True,False,False,True,False,False,False,True,False,False,True
1,True,False,True,False,False,False,False,True,False,True,False
0,False,True,False,True,False,False,False,True,True,False,False
1,True,False,False,True,False,True,False,False,True,False,False
0,False,True,False,False,False,False,False,True,False,False,True
1,True,False,False,True,False,True,False,False,True,False,False
1,True,False,False,True,False,False,False,True,True,False,False
0,True,False,True,False,False,False,False,True,False,False,True
0,True,False,True,False,False,False,False,True,False,False,True
1,False,True,False,True,False,False,False,True,False,True,False
0,False,True,False,True,False,True,False,False,True,False,False
0,False,True,False,False,True,False,False,True,True,False,False
1,True,False,True,False,False,False,False,True,False,True,False
1,False,True,False,False,False,True,False,False,False,True,False
0,False,True,False,True,False,False,False,True,False,False,True
1,False,True,True,False,False,False,False,True,False,True,False
1,False,True,True,False,False,True,False,False,True,False,False
0,False,True,False,True,False,False,False,True,False,True,False
0,False,True,False,False,False,False,True,False,False,False,True
1,False,True,False,True,False,True,False,False,False,False,True
1,True,False,False,True,False,False,False,True,False,False,True
0,False,True,False,False,True,False,False,True,True,False,False
1,True,False,False,True,False,True,False,False,True,False,False
0,False,True,False,False,False,True,False,False,True,False,False
1,True,False,False,True,False,False,False,True,True,False,False
1,True,False,False,True,False,False,False,True,False,False,True
0,False,True,False,False,False,False,True,False,False,False,True
0,False,True,False,True,False,False,False,True,False,False,True
0,False,True,False,True,False,False,False,True,False,True,False
0,False,True,False,False,False,False,False,True,False,False,True
0,True,False,False,False,False,False,False,True,False,False,True
0,False,True,False,True,False,False,False,True,False,False,True
0,False,True,True,False,False,False,False,True,False,False,True
0,True,False,False,True,False,False,False,True,False,False,True
0,False,True,False,False,False,True,False,False,False,False,True
1,False,True,False,True,False,False,False,True,False,False,True
1,False,True,False,False,True,False,False,True,False,True,False
1,True,False,False,True,False,False,False,True,True,False,False
1,False,True,False,True,False,False,False,True,True,False,False
1,True,False,False,False,False,False,True,False,False,False,True
0,False,True,True,False,False,False,False,True,False,False,True
0,False,True,True,False,False,False,False,True,False,False,True
1,True,False,False,True,False,False,False,True,False,True,False
1,True,False,False,True,False,False,False,True,True,False,False
0,True,False,False,False,False,True,False,False,False,False,True
1,False,True,False,True,False,False,False,True,False,False,True
1,True,False,False,True,False,False,False,True,False,True,False
1,True,False,False,True,False,True,False,False,True,False,False
0,False,True,False,True,False,False,False,True,False,True,False
0,False,True,False,True,False,True,False,False,True,False,False
0,False,True,False,False,False,True,False,False,False,False,True
1,True,False,True,False,False,False,False,True,True,False,False
0,False,True,False,True,False,False,False,True,False,True,False
1,False,True,False,False,True,True,False,False,True,False,False
0,False,True,False,True,False,False,False,True,False,False,True
0,False,True,False,False,False,False,False,True,False,False,True
0,False,True,False,True,False,False,False,True,False,False,True
1,True,False,False,True,False,True,False,False,True,False,False
0,False,True,False,True,False,False,False,True,False,False,True
0,True,False,False,False,False,False,True,False,False,False,True
0,False,True,False,True,False,False,False,True,False,True,False
0,False,True,False,True,False,False,False,True,False,False,True
1,True,False,False,False,False,False,False,True,False,True,False
0,False,True,False,True,False,False,False,True,False,False,True
0,False,True,False,False,False,True,False,False,False,False,True
1,False,True,False,True,False,True,False,False,True,False,False
1,True,False,False,True,False,False,False,True,False,True,False
0,False,True,False,False,False,False,False,True,False,False,True
0,False,True,False,False,False,False,False,True,True,False,False
0,False,True,False,True,False,False,False,True,False,False,True
1,False,True,False,True,False,True,False,False,True,False,False
0,False,True,False,True,False,False,False,True,False,False,True
0,False,True,False,True,False,False,False,True,False,False,True
1,False,True,False,True,False,False,False,True,True,False,False
1,True,False,False,True,False,True,False,False,False,True,False
1,True,False,False,True,False,False,False,True,True,False,False
0,True,False,False,True,False,False,False,True,False,False,True
0,False,True,False,False,False,False,False,True,False,False,True
1,True,False,False,False,False,False,True,False,False,False,True
0,False,True,False,False,False,False,True,False,False,False,True
0,False,True,False,True,False,False,False,True,False,False,True
1,True,False,False,True,False,False,False,True,False,True,False
0,False,True,False,True,False,False,False,True,False,False,True
0,True,False,False,True,False,False,False,True,False,False,True
1,True,False,True,False,False,False,False,True,False,True,False
0,False,True,False,True,False,False,False,True,False,True,False
0,False,True,False,True,False,True,False,False,False,False,True
1,False,True,False,True,False,False,False,True,True,False,False
1,False,True,True,False,False,True,False,False,False,False,True
0,False,True,True,False,False,False,False,True,False,False,True
0,False,True,True,False,False,False,False,True,False,False,True
0,False,True,False,False,True,False,False,True,True,False,False
0,False,True,False,False,True,False,True,False,False,True,False
1,True,False,True,False,False,False,False,True,True,False,False
0,False,True,False,True,False,False,False,True,False,False,True
0,False,True,False,False,False,False,True,False,False,False,True
1,False,True,False,False,True,False,False,True,True,False,False
0,False,True,False,True,False,False,False,True,False,False,True
1,False,True,False,True,False,True,False,False,True,False,False
0,False,True,False,False,False,False,False,True,True,False,False
0,True,False,True,False,False,False,False,True,False,False,True
1,True,False,False,True,False,False,False,True,False,True,False
0,False,True,False,True,False,False,False,True,False,False,True
0,False,True,False,True,False,False,False,True,False,True,False
0,True,False,False,True,False,False,False,True,False,False,True
0,False,True,False,False,False,False,False,True,False,False,True
0,False,True,True,False,False,False,False,True,False,False,True
1,True,False,False,True,False,True,False,False,True,False,False
0,True,False,True,False,False,False,False,True,False,False,True
1,False,True,False,False,False,False,False,True,False,False,True
1,True,False,True,False,False,True,False,False,False,False,True
1,False,True,False,True,False,True,False,False,True,False,False
0,False,True,True,False,False,False,False,True,False,False,True
1,False,True,False,False,True,True,False,False,True,False,False
0,False,True,False,False,False,False,False,True,False,False,True
1,True,False,False,True,False,False,False,True,False,False,True
0,False,True,False,False,False,False,False,True,False,False,True
1,True,False,True,False,False,False,False,True,False,True,False
0,False,True,True,False,False,False,False,True,False,False,True
1,True,False,False,False,False,False,True,False,False,False,True
0,True,False,True,False,False,False,True,False,False,False,True
0,False,True,False,True,False,False,False,True,False,True,False
0,False,True,False,False,False,False,False,True,False,False,True
0,True,False,False,True,False,False,True,False,False,False,True
0,False,True,False,True,False,False,False,True,False,True,False
0,False,True,False,False,True,True,False,False,True,False,False
1,False,True,False,True,False,False,False,True,True,False,False
0,False,True,False,True,False,True,False,False,False,False,True
0,False,True,False,True,False,False,False,True,True,False,False
0,False,True,False,True,False,False,False,True,False,False,True
1,False,True,True,False,False,False,False,True,False,False,True
0,False,True,False,True,False,False,False,True,False,True,False
0,False,True,False,True,False,False,False,True,False,True,False
0,False,True,False,False,False,False,False,True,False,False,True
0,False,True,False,True,False,False,False,True,False,False,True
1,True,False,False,False,False,False,False,True,True,False,False
1,True,False,False,True,False,False,False,True,False,True,False
0,False,True,False,True,False,False,False,True,True,False,False
0,False,True,False,False,True,False,False,True,False,True,False
1,False,True,False,True,False,False,False,True,False,True,False
0,False,True,False,False,False,False,False,True,False,True,False
0,False,True,True,False,False,False,False,True,False,False,True
0,False,True,False,True,False,False,False,True,False,False,True
1,True,False,True,False,False,False,False,True,False,False,True
0,True,False,False,True,False,False,False,True,False,False,True
1,False,True,False,True,False,True,False,False,True,False,False
0,True,False,False,False,False,False,True,False,False,False,True
1,False,True,False,True,False,True,False,False,True,False,False
0,False,True,True,False,False,False,False,True,False,False,True
0,False,True,True,False,False,False,False,True,False,False,True
0,False,True,False,False,True,False,False,True,False,True,False
0,False,True,False,True,False,True,False,False,False,True,False
0,False,True,True,False,False,False,False,True,False,False,True
0,False,True,True,False,False,False,False,True,False,False,True
0,False,True,True,False,False,False,False,True,False,False,True
1,True,False,True,False,False,False,False,True,True,False,False
1,False,True,False,True,False,False,False,True,True,False,False
1,True,False,True,False,False,True,False,False,False,False,True
1,False,True,False,False,False,False,False,True,False,False,True
0,False,True,False,True,False,True,False,False,False,False,True
0,False,True,False,False,True,False,False,True,True,False,False
0,False,True,False,True,False,False,False,True,False,True,False
0,False,True,False,True,False,False,False,True,False,False,True
1,True,False,False,False,False,False,True,False,False,False,True
0,False,True,False,True,False,True,False,False,True,False,False
0,False,True,False,True,False,False,False,True,False,False,True
1,True,False,True,False,False,True,False,False,True,False,False
1,False,True,False,True,False,False,False,True,True,False,False
0,True,False,True,False,False,True,False,False,False,False,True
0,False,True,False,True,False,False,True,False,False,False,True
0,False,True,False,True,False,False,False,True,False,False,True
0,False,True,False,True,False,False,False,True,False,True,False
1,True,False,False,True,False,False,False,True,False,True,False
1,False,True,False,True,False,False,False,True,True,False,False
1,True,False,False,True,False,False,False,True,True,False,False
1,False,True,False,False,False,True,False,False,False,False,True
1,True,False,False,True,False,True,False,False,True,False,False
0,False,True,False,False,False,False,False,True,True,False,False
1,False,True,False,True,False,False,False,True,True,False,False
0,False,True,False,True,False,False,False,True,False,False,True
0,False,True,False,True,False,False,False,True,False,True,False
0,False,True,True,False,False,False,False,True,False,False,True
1,True,False,False,True,False,True,False,False,True,False,False
1,True,False,False,True,False,False,False,True,False,True,False
0,False,True,False,False,False,False,True,False,False,False,True
0,False,True,False,True,False,False,False,True,False,False,True
1,True,False,True,False,False,False,False,True,False,True,False
0,False,True,True,False,False,False,False,True,False,False,True
0,False,True,False,True,False,False,False,True,False,True,False
0,False,True,False,True,False,False,False,True,False,True,False
1,False,True,False,True,False,False,False,True,True,False,False
0,False,True,True,False,False,False,False,True,False,False,True
1,True,False,False,True,False,False,False,True,False,True,False
1,True,False,False,False,False,False,True,False,False,False,True
0,False,True,False,True,False,False,False,True,False,True,False
0,True,False,False,True,False,False,False,True,False,False,True
1,True,False,False,True,False,False,False,True,True,False,False
0,False,True,True,False,False,True,False,False,False,False,True
0,False,True,False,False,False,False,False,True,False,True,False
0,False,True,False,True,False,False,False,True,False,True,False
0,False,True,False,True,False,False,False,True,False,True,False
0,False,True,False,True,False,False,False,True,False,False,True
0,True,False,False,True,False,False,False,True,False,False,True
1,False,True,False,True,False,True,False,False,True,False,False
0,False,True,False,False,False,False,False,True,False,False,True
0,False,True,False,False,False,False,False,True,False,False,True
1,False,True,False,False,False,False,False,True,True,False,False
0,False,True,False,True,False,False,False,True,True,False,False
1,True,False,True,False,False,True,False,False,True,False,False
0,False,True,False,True,False,False,False,True,False,False,True
1,False,True,False,True,False,False,False,True,False,False,True
0,False,True,False,False,True,False,False,True,True,False,False
0,False,True,True,False,False,False,False,True,False,False,True
1,True,False,False,True,False,False,False,True,False,True,False
0,False,True,True,False,False,False,False,True,True,False,False
0,False,True,False,True,False,False,True,False,False,False,True
1,True,False,True,False,False,False,False,True,False,True,False
1,False,True,True,False,False,False,False,True,False,False,True
0,False,True,False,True,False,False,False,True,False,False,True
0,False,True,False,True,False,False,False,True,False,False,True
1,True,False,False,True,False,False,False,True,False,True,False
1,False,True,True,False,False,False,False,True,False,True,False
0,False,True,False,True,False,False,False,True,False,False,True
0,False,True,True,False,False,False,False,True,False,True,False
0,False,True,False,True,False,False,False,True,False,False,True
1,True,False,False,True,False,False,False,True,True,False,False
0,False,True,False,False,False,False,False,True,False,False,True
0,False,True,False,True,False,False,False,True,False,False,True
1,False,True,True,False,False,True,False,False,False,False,True
1,True,False,False,True,False,False,False,True,True,False,False
0,False,True,True,False,False,False,False,True,False,False,True
1,True,False,False,True,False,False,False,True,True,False,False
0,False,True,False,False,False,True,False,False,True,False,False
0,True,False,False,True,False,False,True,False,False,False,True
0,False,True,False,False,False,False,True,False,False,False,True
0,False,True,False,True,False,False,False,True,False,False,True
0,False,True,False,True,False,False,False,True,False,False,True
0,False,True,False,True,False,False,False,True,False,False,True
0,True,False,False,False,True,False,False,True,False,True,False
0,False,True,False,False,False,True,False,False,False,False,True
1,True,False,False,True,False,False,False,True,False,True,False
0,False,True,True,False,False,False,False,True,False,False,True
0,False,True,False,False,False,False,True,False,False,False,True
1,True,False,True,False,False,False,False,True,False,False,True
0,False,True,False,False,False,False,True,False,False,False,True
1,True,False,False,True,False,False,False,True,True,False,False
1,True,False,True,False,False,True,False,False,False,False,True
1,True,False,True,False,False,False,False,True,True,False,False
0,False,True,False,True,False,False,False,True,True,False,False
0,False,True,False,False,False,False,False,True,False,False,True
0,False,True,False,True,False,False,False,True,False,False,True
0,False,True,False,True,False,False,False,True,False,False,True
1,True,False,True,False,False,False,False,True,False,False,True
0,False,True,True,False,False,False,True,False,False,False,True
1,False,True,True,False,False,False,False,True,False,False,True
0,False,True,False,True,False,True,False,False,True,False,False
0,False,True,False,False,False,False,True,False,False,False,True
0,False,True,True,False,False,False,False,True,False,True,False
0,True,False,False,False,False,False,False,True,False,False,True
0,False,True,False,False,False,True,False,False,True,False,False
0,False,True,False,True,False,False,False,True,False,False,True
0,False,True,False,True,False,False,False,True,False,True,False
1,True,False,False,True,False,False,False,True,True,False,False
1,True,False,False,True,False,False,False,True,False,False,True
0,False,True,False,True,False,True,False,False,False,False,True
0,True,False,False,True,False,False,False,True,False,False,True
0,False,True,False,True,False,False,False,True,False,True,False
1,True,False,False,True,False,False,False,True,False,True,False
1,False,True,True,False,False,False,False,True,True,False,False
1,False,True,True,False,False,True,False,False,False,False,True
1,False,True,False,True,False,False,False,True,False,False,True
0,False,True,False,True,False,False,False,True,False,False,True
0,False,True,False,True,False,False,False,True,True,False,False
0,True,False,True,False,False,False,False,True,False,False,True
0,False,True,False,True,False,False,False,True,False,True,False
1,True,False,False,True,False,False,False,True,True,False,False
0,False,True,False,True,False,False,False,True,False,False,True
0,False,True,False,True,False,False,False,True,False,False,True
0,False,True,False,True,False,False,False,True,False,True,False
0,True,False,True,False,False,False,False,True,False,False,True
0,False,True,False,True,False,False,False,True,False,False,True
0,False,True,False,False,False,False,False,True,True,False,False
0,True,False,False,True,False,False,False,True,False,False,True
0,False,True,False,True,False,True,False,False,False,True,False
0,False,True,False,True,False,False,False,True,False,False,True
0,False,True,True,False,False,False,False,True,False,False,True
1,True,False,False,True,False,False,False,True,True,False,False
1,False,True,False,True,False,False,False,True,False,False,True
0,False,True,False,True,False,False,False,True,True,False,False
1,True,False,False,True,False,False,False,True,False,False,True
0,False,True,True,False,False,False,False,True,False,False,True
0,False,True,False,False,False,False,True,False,False,False,True
0,False,True,False,False,False,False,False,True,False,False,True
1,False,True,True,False,False,True,False,False,False,True,False
1,False,True,False,False,False,False,True,False,False,False,True
1,True,False,False,False,True,False,False,False,True,False,False
1,True,False,True,False,False,True,False,False,False,False,True
1,False,True,True,False,False,False,False,True,False,True,False
0,False,True,False,False,False,True,False,False,False,False,True
0,False,True,False,True,False,False,False,True,False,False,True
0,False,True,True,False,False,False,False,True,False,False,True
1,True,False,False,True,False,True,False,False,True,False,False
0,False,True,True,False,False,False,False,True,False,False,True
0,False,True,False,False,False,False,False,True,False,False,True
1,False,True,False,True,False,False,False,True,False,False,True
1,False,True,False,False,False,True,False,False,True,False,False
0,False,True,True,False,False,False,False,True,False,False,True
0,False,True,True,False,False,False,False,True,False,True,False
1,True,False,False,True,False,True,False,False,True,False,False
0,False,True,False,True,False,True,False,False,False,False,True
0,False,True,True,False,False,False,False,True,False,False,True
0,False,True,False,True,False,False,False,True,False,False,True
0,False,True,False,False,False,False,False,True,False,False,True
0,False,True,False,True,False,True,False,False,False,False,True
0,False,True,False,True,False,False,False,True,False,True,False
1,True,False,False,False,False,True,False,False,True,False,False
0,False,True,True,False,False,False,False,True,False,False,True
0,False,True,False,False,True,False,False,True,False,False,True
0,True,False,True,False,False,True,False,False,False,False,True
1,True,False,True,False,False,False,False,True,True,False,False
0,True,False,False,True,False,False,False,True,False,True,False
1,True,False,True,False,False,False,False,True,False,False,True
1,True,False,False,True,False,False,False,True,True,False,False
1,False,True,False,True,False,False,False,True,True,False,False
1,True,False,False,True,False,True,False,False,False,False,True
0,False,True,False,False,False,True,False,False,False,False,True
0,False,True,False,True,False,False,False,True,False,False,True
0,False,True,True,False,False,False,False,True,False,True,False
1,True,False,False,True,False,False,False,True,True,False,False
0,True,False,False,False,False,False,False,True,False,False,True
0,False,True,False,True,False,False,False,True,False,True,False
1,True,False,False,True,False,False,False,True,False,True,False
1,True,False,False,True,False,True,False,False,False,True,False
0,False,True,False,True,False,False,False,True,True,False,False
0,False,True,False,False,False,False,False,True,False,False,True
1,False,True,True,False,False,False,False,True,False,False,True
0,False,True,False,True,False,False,False,True,False,False,True
1,True,False,False,True,False,False,False,True,True,False,False
0,False,True,False,True,False,False,False,True,True,False,False
0,False,True,False,True,False,False,False,True,False,False,True
1,True,False,False,True,False,True,False,False,False,True,False
1,True,False,True,False,False,True,False,False,False,False,True
0,False,True,True,False,False,False,False,True,False,False,True
0,False,True,True,False,False,False,False,True,False,False,True
0,False,True,False,False,False,False,False,True,False,False,True
1,True,False,False,False,True,True,False,False,True,False,False
1,True,False,False,True,False,False,False,True,False,True,False
0,False,True,False,True,False,False,False,True,False,False,True
0,True,False,False,True,False,False,False,True,False,False,True
0,False,True,False,True,False,False,False,True,False,True,False
0,False,True,False,True,False,False,False,True,False,False,True
0,True,False,False,True,False,False,True,False,False,False,True
0,False,True,False,True,False,False,False,True,False,True,False
1,True,False,True,False,False,False,False,True,True,False,False
0,True,False,False,False,False,False,False,True,False,False,True
1,False,True,False,True,False,True,False,False,True,False,False
0,False,True,False,True,False,False,True,False,False,False,True
